name,score
tuning-job-1-4c1fbf19caa24e2992-005-1281d468,0.96412
tuning-job-1-4c1fbf19caa24e2992-003-4e9f7b9f,0.96134
tuning-job-1-4c1fbf19caa24e2992-002-0dbfe572,0.95656
tuning-job-1-4c1fbf19caa24e2992-001-70eae434,0.90607
tuning-job-1-4c1fbf19caa24e2992-004-dfa3c8ea,0.819107
