name,score
tuning-job-1-4bfc366b2ee34835bf-004-639a788f,0.93334
tuning-job-1-4bfc366b2ee34835bf-003-ab9eb474,0.93217
tuning-job-1-4bfc366b2ee34835bf-002-5652dea7,0.91883
tuning-job-1-4bfc366b2ee34835bf-001-34fdcf78,0.861742
tuning-job-1-4bfc366b2ee34835bf-005-0f5278e7,0.805774
