cn,maxCoefficient,maxTriangles,minCoefficient,minTriangles,pa,sl,sp,tn,label
0,1,28,0.866667,14,48,0,0,14,0
3,0.0689076,38,0.0584795,8,665,0,0,51,1
1,0.333333,1,0,0,6,1,1,4,1
4,0.377778,27,0.152047,18,190,0,0,25,1
2,0.666667,2,0.3,1,15,1,1,6,1
