Measure,Score
Accuracy,0.9636844377293331
Precision,0.9607506702412869
Recall,0.9668681200086338
