Measure,Score
Accuracy,0.9648176127778977
Precision,0.9643994172242607
Recall,0.9652067075311209
